warehouse_code,category2_code,amount
1,2014,12697
1,2026,2250
1,2041,312448
1,2047,383049
1,2061,916
1,2081,-1400
1,2091,-570
1,2092,30
1,2099,255
2,2014,25317
2,2015,-158920
2,2023,-6532
2,2026,-1149283
2,2041,297347
2,2043,-2800
2,2047,284247
2,2081,-4760
3,2014,18168
3,2023,-500
3,2026,-130
3,2041,653268
3,2045,1441
3,2047,176820
3,2052,-23100
3,2081,-3200
4,2014,172537
4,2015,-4485
4,2041,348415
4,2047,346310
4,2052,-6600
4,2067,58
4,2081,-880
7,2014,72328
7,2015,-3840
7,2041,124703
7,2043,2880
7,2047,210051
8,2014,120868
8,2026,318
8,2041,338853
8,2043,500
8,2045,-1441
8,2047,296038
8,2052,-6600
8,2081,-1560
9,2014,15881
9,2015,1258
9,2041,113267
9,2043,700
9,2047,119795
9,2052,-3300
9,2061,1344
9,2081,-2200
10,2012,23010
10,2014,10432
10,2023,-500
10,2041,465828
10,2045,-10450
10,2047,380802
10,2052,-3300
10,2092,680
10,2099,-680
11,2014,77212
11,2015,13080
11,2017,-1572
11,2023,-45048
11,2024,-110
11,2026,-543386
11,2041,674980
11,2043,800
11,2047,258002
11,2061,-80
11,2081,-2280
11,2092,100
11,2099,-270810
21,2000,-400
21,2012,-43620
21,2014,49242
21,2023,-28137
21,2026,-921388
21,2041,200771
21,2043,800
21,2047,288763
21,2052,-3300
21,2061,540323
21,2068,26
21,2081,-560
21,2092,-38
21,2093,5829
22,2001,1
22,2014,-1000
22,2015,-2318
22,2034,1267
22,2041,177260
22,2047,203331
22,2068,900
22,2081,-680
22,2091,4505
22,2092,233779
22,2099,-238284
23,2013,-284290
23,2014,-590
23,2015,-3420
23,2023,15927
23,2026,588171
63,2095,-6263
71,2041,857192
71,2047,4932198
71,2095,-2357294
71,2099,4320000
91,2000,400
91,2001,2
91,2012,38328
91,2013,-158074
91,2014,-1410937
91,2015,-12389
91,2016,78780
91,2017,-3815
91,2021,1436
91,2023,-20901
91,2026,64036
91,2032,-46880
91,2041,127895
91,2042,-31556
91,2043,400
91,2045,-131813
91,2047,356183
91,2060,2678
91,2061,708136
91,2068,86
91,2092,119468
91,2094,12030
91,2099,-137656
92,2041,1530214
92,2047,1261793
98,2013,120
98,2041,5390
98,2061,-10683
